INSERT INTO student (student_id, name, identification, identification_type) VALUES (1, 'María González', 1001234567, 'CC'), (2, 'Carlos Rodríguez', 1007654321, 'TI'), (3, 'Laura Martínez', 1001122334, 'CC'), (4, 'Jesus Parra', 1085903234, 'CC'), (5, 'Elkin Morillo', 1004523871, 'CC'), (6, 'Edwin Orlando', 5654124584, 'CC'), (7, 'Joan Tuquerrez Gomez', 123456789, 'CC'), (8, 'Oscar Fernando Hoyos Carvajal', 1009876543, 'CC'), (9, 'Pepe', 1202811223, 'CC'), (10, 'Jonas', 1202811213, 'CC'), (11, 'Daniel', 1232811223, 'CC');

INSERT INTO teacher (teacher_id, name, identification, degree, identification_type, status, teacher_type) VALUES (1, 'Johanna Andrea', 2009876543, 'MSc', 'CC', 'ACTIVO', 'CATEDRA'), (2, 'Jimena Timaná', 2008765432, 'PhD', 'CC', 'ACTIVO', 'FIJO'), (3, 'Libardo Pantoja', 2007654321, 'MSc', 'CC', 'ACTIVO', 'CATEDRA');

INSERT INTO learning_results (ra_id, name) VALUES (101, 'Gestión de Proyectos TI'), (102, 'Desarrollo de Aplicaciones Web'), (103, 'Analisis y disenio de sistemas'), (104, 'Metodologias Agiles en proyectos'), (105, 'Desarrollar un software funcional'), (106, 'Implementar prácticas de programación avanzadas'), (107, 'Diseñar una arquitectura de software eficiente'),(108, 'Crear documentación técnica de software');

INSERT INTO subject (subject_id, name, credits, objectives, status) VALUES (10, 'Desarrollo de Software', 3, 'Software 1', 'ACTIVO'), (11, 'Programación Avanzada', 3, 'Software 2', 'INACTIVO'), (12, 'Arquitectura de Software', 3, 'Software 3', 'ACTIVO'), (13, 'Ingeniería de Software', 3, 'Software 4', 'INACTIVO'), (14, 'Pruebas de Software', 3, 'Software 5', 'ACTIVO');

INSERT INTO course (course_id, subject_id, ra_id) VALUES (10, 10, 101), (20, 11, 102), (30, 12, 103), (40, 14, 104), (50, 13, 104), (60, 13, 104), (61, 12, 107), (70, 10, 105), (80, 11, 106), (90, 12, 108);

INSERT INTO course_teacher (course_id, teacher_id) VALUES (10, 1), (20, 2), (30, 3), (40, 1), (61, 2), (50, 3), (60, 1), (70, 2), (80, 3), (90, 1);

INSERT INTO enroll (enroll_id, course_id, student_id, semester) VALUES (1000, 10, 1, '2025-1'), (1001, 20, 1, '2024-1'), (1002, 30, 1, '2025-1'), (1003, 40, 2, '2025-1'), (1006, 40, 3, '2025-1'), (1007, 40, 4, '2025-1'), (1008, 40, 5, '2025-1'), (1009, 50, 6, '2025-1'), (1010, 60, 7, '2025-1'), (1011, 40, 7, '2024-1'), (1012, 40, 7, '2025-1'), (1013, 40, 8, '2024-1'), (1014, 40, 8, '2025-1'), (1015, 61, 9, '2025-2'), (1016, 61, 10, '2025-2'), (1017, 61, 11, '2025-2');

INSERT INTO rubrica (id_rubrica, nombre_rubrica, objetivo_estudio, nota_rubrica, subject_id, ra_id, estado) VALUES (100, 'Rúbrica Redes', 'Diseñar topologías de red', 5.0, 11, 101, 'ACTIVO'), (200, 'Rúbrica BD2', 'Modelado de bases de datos', 5.0, 12, 102, 'ACTIVO'), (300, 'Rúbrica Proyecto', 'Gestión de proyectos TI', 5.0, 13, 103, 'ACTIVO'), (400, 'Rúbrica Redes Avanzada', 'Es importante que los estudiantes aprendan a configurar las topologías dadas para poder desempeñarse en el mundo laboral', 5.0, 14, 104, 'ACTIVO'), (500, 'Rúbrica Desarrollo Web', 'Desarrollar un software funcional', 5.0, 10, 105, 'ACTIVO'), (600, 'Rúbrica Prácticas Avanzadas', 'Implementar prácticas de programación avanzadas', 5.0, 11, 106, 'ACTIVO'), (700, 'Rúbrica Arquitectura Eficiente', 'Diseñar una arquitectura de software eficiente', 5.0, 12, 107, 'ACTIVO'), (800, 'Rúbrica Documentación Técnica', 'Crear documentación técnica de software', 5.0, 13, 108, 'ACTIVO'), (900, 'Rúbrica Pruebas de Software', 'Desarrollar un software funcional', 5.0, 14, 105, 'ACTIVO'), (1000, 'Rúbrica Ingeniería de Software', 'Gestión de proyectos TI', 5.0, 13, 101, 'ACTIVO');;

INSERT INTO criterio (id_criterio, id_rubrica, crf_descripcion, crf_porcentaje, crf_nota, crf_comentario) VALUES (1, 400, 'Calidad del código', 30, 4.2, 'Mejorable'), (2, 400, 'Documentación técnica', 20, 3.0, 'Regular mijo'), (3, 400, 'Cumplimiento de requisitos', 50, 4.0, 'Buen diseño de topología'), (4, 100, 'Dominio de conceptos de redes', 40, 4.5, 'Buen manejo de conceptos'), (5, 100, 'Resolución de problemas', 30, 4.0, 'Resuelve correctamente los ejercicios'), (6, 100, 'Presentación de resultados', 30, 4.2, 'Presentación clara y ordenada'), (7, 200, 'Modelado entidad-relación', 50, 4.8, 'Modelo correcto y completo'), (8, 200, 'Normalización', 30, 4.0, 'Normalización adecuada'), (12, 200, 'Consultas SQL', 20, 3.5, 'Consultas funcionales'), (9, 300, 'Planificación y gestión del proyecto', 30, 4.5, 'Se evidencia planificación en cronograma y fases'), (10, 300, 'Calidad del código y estructura del software', 40, 4.8, 'El código es limpio, bien estructurado y documentado'), (11, 300, 'Trabajo en equipo y comunicación', 30, 4.6, 'Buena colaboración entre los miembros del equipo'), (13, 500, 'Funcionalidad del software', 40, 4.7, 'Cumple con los requisitos funcionales'), (14, 500, 'Interfaz de usuario', 30, 4.0, 'Interfaz intuitiva y amigable'), (15, 500, 'Pruebas y validación', 30, 4.2, 'Pruebas completas y bien documentadas'), (16, 600, 'Implementación de patrones avanzados', 50, 4.5, 'Uso correcto de patrones'), (17, 600, 'Optimización de código', 30, 4.0, 'Código eficiente'), (18, 600, 'Documentación técnica', 20, 3.8, 'Documentación clara y precisa'), (19, 700, 'Diseño arquitectónico', 60, 4.9, 'Arquitectura bien definida'), (20, 700, 'Escalabilidad', 20, 4.0, 'Solución escalable'), (21, 700, 'Mantenibilidad', 20, 4.2, 'Fácil de mantener y modificar'), (22, 800, 'Estructura de la documentación', 50, 4.7, 'Documentación bien organizada'), (23, 800, 'Claridad y precisión', 30, 4.0, 'Explicaciones claras'), (24, 800, 'Actualización y vigencia', 20, 3.9, 'Documentación actualizada'), (25, 900, 'Cobertura de pruebas', 40, 4.5, 'Pruebas cubren todos los casos'), (26, 900, 'Automatización', 30, 4.0, 'Pruebas automatizadas correctamente'), (27, 900, 'Reporte de resultados', 30, 4.2, 'Reportes claros y útiles'), (28, 1000, 'Gestión de proyectos', 50, 4.6, 'Gestión eficiente del proyecto'), (29, 1000, 'Cumplimiento de objetivos', 30, 4.0, 'Se cumplen los objetivos propuestos'), (30, 1000, 'Trabajo colaborativo', 20, 4.3, 'Colaboración efectiva en el equipo');

INSERT INTO nivel (id_nivel, nivel_descripcion, rango_nota, id_criterio) VALUES (1, 'Desempeño básico', '2.5', 1), (2, 'Desempeño intermedio', '4.0', 1), (3, 'Desempeño avanzado', '5.0', 1), (4, 'Desempeño básico', '2.5', 2), (5, 'Desempeño intermedio', '4.0', 2), (6, 'Desempeño avanzado', '5.0', 2), (7, 'Desempeño básico', '2.5', 3), (8, 'Desempeño intermedio', '4.0', 3), (9, 'Desempeño avanzado', '5.0', 3), (10, 'Desempeño básico', '2.5', 4), (11, 'Desempeño intermedio', '4.0', 4), (12, 'Desempeño avanzado', '5.0', 4), (13, 'Desempeño básico', '2.5', 5), (14, 'Desempeño intermedio', '4.0', 5), (15, 'Desempeño avanzado', '5.0', 5), (16, 'Desempeño básico', '2.5', 6), (17, 'Desempeño intermedio', '4.0', 6), (18, 'Desempeño avanzado', '5.0', 6), (19, 'Desempeño básico', '2.5', 7), (20, 'Desempeño intermedio', '4.0', 7), (21, 'Desempeño avanzado', '5.0', 7), (22, 'Desempeño básico', '2.5', 8), (23, 'Desempeño intermedio', '4.0', 8), (24, 'Desempeño avanzado', '5.0', 8), (25, 'No hay planificación clara ni control del cronograma.', '2.5', 9), (26, 'Planificación parcial con algunos retrasos.', '4.0', 9), (27, 'Planificación detallada y cumplimiento de plazos.', '5.0', 9), (28, 'Código desorganizado con errores frecuentes.', '2.5', 10), (29, 'Código funcional pero con algunas malas prácticas.', '4.0', 10), (30, 'Código limpio, modular y bien documentado.', '5.0', 10), (31, 'Poca comunicación y colaboración entre los miembros.', '2.5', 11), (32, 'Buena comunicación, pero con dificultades ocasionales.', '4.0', 11), (33, 'Trabajo en equipo eficiente con comunicación fluida.', '5.0', 11), (34, 'Mal uso de recursos de la topología', '3.0', 12), (35, 'No cumple todos los criterios topológicos', '4.0', 12), (36, 'Topología implementada con éxito', '5.0', 12), (37, 'Funcionalidad limitada', '2.5', 13), (38, 'Funcionalidad aceptable', '4.0', 13), (39, 'Funcionalidad completa y eficiente', '5.0', 13), (40, 'Interfaz poco intuitiva', '2.5', 14), (41, 'Interfaz aceptable', '4.0', 14), (42, 'Interfaz intuitiva y amigable', '5.0', 14), (43, 'Pruebas insuficientes', '2.5', 15), (44, 'Pruebas adecuadas', '4.0', 15), (45, 'Pruebas completas y bien documentadas', '5.0', 15), (46, 'Implementación deficiente de patrones', '2.5', 16), (47, 'Implementación aceptable de patrones', '4.0', 16), (48, 'Uso correcto de patrones', '5.0', 16), (49, 'Código poco optimizado', '2.5', 17), (50, 'Código medianamente optimizado', '4.0', 17), (51, 'Código eficiente', '5.0', 17), (52, 'Documentación deficiente', '2.5', 18), (53, 'Documentación aceptable', '4.0', 18), (54, 'Documentación clara y precisa', '5.0', 18), (55, 'Diseño arquitectónico deficiente', '2.5', 19), (56, 'Diseño arquitectónico aceptable', '4.0', 19), (57, 'Arquitectura bien definida', '5.0', 19), (58, 'Solución poco escalable', '2.5', 20), (59, 'Solución medianamente escalable', '4.0', 20), (60, 'Solución escalable', '5.0', 20), (61, 'Difícil de mantener', '2.5', 21), (62, 'Mantenibilidad aceptable', '4.0', 21), (63, 'Fácil de mantener y modificar', '5.0', 21), (64, 'Documentación desorganizada', '2.5', 22), (65, 'Documentación medianamente organizada', '4.0', 22), (66, 'Documentación bien organizada', '5.0', 22), (67, 'Explicaciones poco claras', '2.5', 23), (68, 'Explicaciones aceptables', '4.0', 23), (69, 'Explicaciones claras', '5.0', 23), (70, 'Documentación desactualizada', '2.5', 24), (71, 'Documentación medianamente actualizada', '4.0', 24), (72, 'Documentación actualizada', '5.0', 24), (73, 'Cobertura de pruebas baja', '2.5', 25), (74, 'Cobertura de pruebas aceptable', '4.0', 25), (75, 'Cobertura de pruebas completa', '5.0', 25), (76, 'Automatización deficiente', '2.5', 26), (77, 'Automatización aceptable', '4.0', 26), (78, 'Pruebas automatizadas correctamente', '5.0', 26), (79, 'Reportes poco claros', '2.5', 27), (80, 'Reportes aceptables', '4.0', 27), (81, 'Reportes claros y útiles', '5.0', 27), (82, 'Gestión de proyectos deficiente', '2.5', 28), (83, 'Gestión de proyectos aceptable', '4.0', 28), (84, 'Gestión eficiente del proyecto', '5.0', 28), (85, 'No se cumplen los objetivos', '2.5', 29), (86, 'Cumplimiento parcial de objetivos', '4.0', 29), (87, 'Se cumplen los objetivos propuestos', '5.0', 29), (88, 'Colaboración deficiente', '2.5', 30), (89, 'Colaboración aceptable', '4.0', 30), (90, 'Colaboración efectiva en el equipo', '5.0', 30);

INSERT INTO evaluation (evaluation_id, enroll_id, id_rubrica, evaluation_status, description, created_at, updated_at,score) VALUES (500, 1000, 100, 'EVALUADO', 'Evaluación parcial Redes', '2025-03-01', '2025-03-01',NULL), (501, 1001, 200, 'EVALUADO', 'Evaluación final BD2', '2025-03-15', '2025-03-20',NULL), (502, 1003, 400, 'EVALUADO', 'Avance proyecto Calidad', '2025-04-01', '2025-04-01',3.5),  (503, 1006, 400, 'EVALUADO', 'Evaluación parcial Redes', '2025-03-10', '2025-03-10', 4.7), (504, 1007, 400, 'EVALUADO', 'Evaluación parcial Redes', '2025-03-10', '2025-03-10', 1.2), (505, 1008, 400, 'EVALUADO', 'Parcial de proyecto', '2025-03-10', '2025-03-10', 1.2), (506, 1009, 400, 'EVALUADO', 'Parcial Metodologia de la Invezzz', '2025-03-10', '2025-03-10', 1.2), (507, 1010, 400, 'EVALUADO', 'Parcial Calculo I', '2025-03-10', '2025-03-10', 1.1);
INSERT INTO evaluation (evaluation_id, enroll_id, id_rubrica, evaluation_status, description, created_at, updated_at, score) VALUES (517, 1002, 700, 'EVALUADO', 'Final Arquitectura', '2025-05-20', '2025-05-20', 4.5), (518, 1002, 200, 'EVALUADO', 'Parcial BD2', '2025-04-10', '2025-04-10', 3.7), (519, 1005, 700, 'EVALUADO', 'Final Arquitectura', '2025-05-22', '2025-05-22', 4.1), (520, 1005, 200, 'EVALUADO', 'Parcial BD2', '2025-04-12', '2025-04-12', 3.9), (521, 1011, 400, 'EVALUADO', 'Final Redes Avanzada', '2024-11-25', '2024-11-25', 3.8), (522, 1011, 900, 'EVALUADO', 'Pruebas de Software', '2024-12-01', '2024-12-01', 4.0), (523, 1012, 400, 'EVALUADO', 'Final Redes Avanzada', '2025-06-05', '2025-06-05', 4.2), (524, 1012, 900, 'EVALUADO', 'Pruebas de Software', '2025-06-10', '2025-06-10', 3.6), (525, 1013, 400, 'EVALUADO', 'Final Redes Avanzada', '2024-03-15', '2024-03-15', 2.9), (526, 1013, 900, 'EVALUADO', 'Pruebas de Software', '2024-03-20', '2024-03-20', 3.1), (527, 1014, 400, 'EVALUADO', 'Final Redes Avanzada', '2025-06-05', '2025-06-05', 3.5), (528, 1014, 900, 'EVALUADO', 'Pruebas de Software', '2025-06-10', '2025-06-10', 3.8), (529, 1015, 700, 'EVALUADO', 'Final Arquitectura', '2025-09-20', '2025-09-20', 4.4), (530, 1015, 100, 'EVALUADO', 'Parcial Redes', '2025-09-25', '2025-09-25', 3.7), (531, 1016, 700, 'EVALUADO', 'Final Arquitectura', '2025-09-25', '2025-09-25', 4.0), (532, 1016, 100, 'EVALUADO', 'Parcial Redes', '2025-09-30', '2025-09-30', 3.9), (533, 1017, 700, 'EVALUADO', 'Final Arquitectura', '2025-09-28', '2025-09-28', 3.6), (534, 1017, 100, 'EVALUADO', 'Parcial Redes', '2025-10-01', '2025-10-01', 3.8);

INSERT INTO calification_register (calification_id, calification, message, level, evaluation_id, id_criterio) VALUES (10000, 4.2, 'Buen trabajo en la práctica', 'Nivel 2', 502, 1), (10001, 3.8, 'Debe mejorar documentación', 'Nivel 1', 502, 2), (10018, 4.7, 'Buen desarrollo de topologia', 'Nivel 3', 502, 3), (10002, 4.8, 'Excelente implementación', 'Nivel 3', 502, 12), (10003, 4.5, 'Muy buen código', 'Nivel 3', 503, 1), (10004, 4.6, 'Documentación clara', 'Nivel 3', 503, 2), (10005, 5.0, 'Dominio total de la integración', 'Nivel 3', 503, 12), (10006, 1.0, 'Código desordenado', 'Nivel 1', 504, 1), (10007, 1.5, 'Documentación escasa', 'Nivel 1', 504, 2), (10008, 1.2, 'Falla en integración', 'Nivel 1', 504, 12), (10009, 1.2, 'Código sin estructura clara', 'Nivel 1', 505, 1), (10010, 1.2, 'Sin documentación técnica', 'Nivel 1', 505, 2), (10011, 1.2, 'No logró integrar', 'Nivel 1', 505, 12), (10012, 1.3, 'No cumple con lo mínimo', 'Nivel 1', 506, 1), (10013, 1.1, 'Mal estructurada la docu', 'Nivel 1', 506, 2), (10014, 1.2, 'Integración fallida', 'Nivel 1', 506, 12), (10015, 1.0, 'Mal código', 'Nivel 1', 507, 1), (10016, 1.2, 'Docu incompleta', 'Nivel 1', 507, 2), (10017, 1.1, 'No aplicó integración', 'Nivel 1', 507, 12), (10019, 4.9, 'Excelente diseño arquitectónico', 'Nivel 3', 517, 19), (10020, 4.0, 'Solución escalable', 'Nivel 2', 517, 20), (10021, 4.2, 'Fácil de mantener', 'Nivel 2', 517, 21), (10022, 3.8, 'Modelo entidad-relación correcto', 'Nivel 2', 518, 7), (10023, 4.0, 'Normalización adecuada', 'Nivel 2', 518, 8), (10024, 3.5, 'Consultas funcionales', 'Nivel 1', 518, 12), (10025, 4.5, 'Diseño arquitectónico sólido', 'Nivel 3', 519, 19), (10026, 4.0, 'Solución medianamente escalable', 'Nivel 2', 519, 20), (10027, 4.1, 'Mantenibilidad aceptable', 'Nivel 2', 519, 21), (10028, 4.8, 'Modelo entidad-relación completo', 'Nivel 3', 520, 7), (10029, 4.0, 'Normalización adecuada', 'Nivel 2', 520, 8), (10030, 3.9, 'Consultas funcionales', 'Nivel 2', 520, 12), (10031, 3.8, 'Calidad del código', 'Nivel 2', 521, 1), (10032, 3.0, 'Documentación técnica', 'Nivel 1', 521, 2), (10033, 4.0, 'Cumplimiento de requisitos', 'Nivel 2', 521, 3), (10034, 4.5, 'Cobertura de pruebas', 'Nivel 3', 522, 25), (10035, 4.0, 'Automatización', 'Nivel 2', 522, 26), (10036, 4.2, 'Reporte de resultados', 'Nivel 2', 522, 27), (10037, 4.2, 'Calidad del código', 'Nivel 2', 523, 1), (10038, 3.5, 'Documentación técnica', 'Nivel 2', 523, 2), (10039, 4.2, 'Cumplimiento de requisitos', 'Nivel 2', 523, 3), (10040, 3.6, 'Cobertura de pruebas', 'Nivel 1', 524, 25), (10041, 3.8, 'Automatización', 'Nivel 2', 524, 26), (10042, 3.6, 'Reporte de resultados', 'Nivel 1', 524, 27), (10043, 2.9, 'Calidad del código', 'Nivel 1', 525, 1), (10044, 2.5, 'Documentación técnica', 'Nivel 1', 525, 2), (10045, 2.9, 'Cumplimiento de requisitos', 'Nivel 1', 525, 3), (10046, 3.1, 'Cobertura de pruebas', 'Nivel 1', 526, 25), (10047, 3.0, 'Automatización', 'Nivel 1', 526, 26), (10048, 3.1, 'Reporte de resultados', 'Nivel 1', 526, 27), (10049, 3.5, 'Calidad del código', 'Nivel 2', 527, 1), (10050, 3.0, 'Documentación técnica', 'Nivel 1', 527, 2), (10051, 3.5, 'Cumplimiento de requisitos', 'Nivel 2', 527, 3), (10052, 3.8, 'Cobertura de pruebas', 'Nivel 2', 528, 25), (10053, 3.5, 'Automatización', 'Nivel 2', 528, 26), (10054, 3.8, 'Reporte de resultados', 'Nivel 2', 528, 27), (10055, 4.4, 'Diseño arquitectónico', 'Nivel 3', 529, 19), (10056, 4.0, 'Solución escalable', 'Nivel 2', 529, 20), (10057, 4.2, 'Mantenibilidad', 'Nivel 2', 529, 21), (10058, 3.7, 'Dominio de conceptos de redes', 'Nivel 2', 530, 4), (10059, 4.0, 'Resolución de problemas', 'Nivel 2', 530, 5), (10060, 4.2, 'Presentación de resultados', 'Nivel 2', 530, 6), (10061, 4.0, 'Diseño arquitectónico', 'Nivel 2', 531, 19), (10062, 4.0, 'Solución escalable', 'Nivel 2', 531, 20), (10063, 4.0, 'Mantenibilidad', 'Nivel 2', 531, 21), (10064, 3.9, 'Dominio de conceptos de redes', 'Nivel 2', 532, 4), (10065, 4.0, 'Resolución de problemas', 'Nivel 2', 532, 5), (10066, 4.2, 'Presentación de resultados', 'Nivel 2', 532, 6), (10067, 3.6, 'Diseño arquitectónico', 'Nivel 1', 533, 19), (10068, 3.5, 'Solución escalable', 'Nivel 1', 533, 20), (10069, 3.6, 'Mantenibilidad', 'Nivel 1', 533, 21), (10070, 3.8, 'Dominio de conceptos de redes', 'Nivel 2', 534, 4), (10071, 4.0, 'Resolución de problemas', 'Nivel 2', 534, 5), (10072, 4.2, 'Presentación de resultados', 'Nivel 2', 534, 6);
