INSERT INTO student (student_id, name, identification, identification_type) VALUES (1, 'María González', 1001234567, 'CC'), (2, 'Carlos Rodríguez', 1007654321, 'TI'), (3, 'Laura Martínez', 1001122334, 'CC'), (4, 'Jesus Parra', 1085903234, 'CC'), (5, 'Elkin Morillo', 1004523871, 'CC'), (6, 'Edwin Orlando', 5654124584, 'CC'), (7, 'Joan Tuquerrez Gomez', 123456789, 'CC'), (8, 'Oscar Fernando Hoyos Carvajal', 1009876543, 'CC');

INSERT INTO subject (subject_id, credits, objectives, name, created_at, updated_at) VALUES (1, 4, '', 'Redes 2', '2025-01-10', '2025-01-10'), (2, 3, '', 'Base de datos 2', '2025-01-10', '2025-01-10'), (3, 3, '', 'Proyecto 1', '2025-01-10', '2025-01-10'), (4, 3, '', 'Redes', '2025-01-10', '2025-01-10');

INSERT INTO teacher (teacher_id, name, identification, degree, identification_type, status, teacher_type) VALUES (1, 'Johanna Andrea', 2009876543, 'MSc', 'CC', 'ACTIVO', 'CATEDRA'), (2, 'Jimena Timaná', 2008765432, 'PhD', 'CC', 'ACTIVO', 'FIJO'), (3, 'Libardo Pantoja', 2007654321, 'MSc', 'CC', 'ACTIVO', 'CATEDRA');

INSERT INTO learning_results (ra_id, name) VALUES (101, 'Gestión de Proyectos TI'), (102, 'RA 102'), (103, 'RA 103'), (104, 'RA 104');

INSERT INTO course (course_id, subject_id, ra_id) VALUES (10, 1, 101), (20, 2, 102), (30, 3, 103), (40, 4, 104), (50, 4, 104), (60, 3, 104);

INSERT INTO enroll (enroll_id, course_id, student_id, semester) VALUES (1000, 10, 1, '2025-1'), (1001, 20, 1, '2024-1'), (1002, 30, 1, '2025-1'), (1003, 40, 2, '2025-1'), (1005, 30,2,'2025-1'), (1006, 40, 3, '2025-1'), (1007, 40, 4, '2025-1'), (1008, 40, 5, '2025-1'), (1009, 50, 6, '2025-1'), (1010, 60, 7, '2025-1'), (1011, 40, 7, '2024-1'), (1012, 40, 7, '2025-1'), (1013, 40, 8, '2024-1'), (1014, 40, 8, '2025-1');

INSERT INTO rubrica (id_rubrica, nombre_rubrica, objetivo_estudio, nota_rubrica, subject_id, ra_id, estado) VALUES (100, 'Rúbrica Redes', 'Diseñar topologías de red', 5.0, 1, 101, 'ACTIVO'), (200, 'Rúbrica BD2', 'Modelado de bases de datos', 5.0, 2, 102, 'ACTIVO'), (300, 'Rúbrica Proyecto', 'Gestión de proyectos TI', 5.0, 3, 103, 'ACTIVO'), (400, 'Rúbrica Redes Avanzada', 'Es importante que los estudiantes aprendan a configurar las topologías dadas para poder desempeñarse en el mundo laboral', 5.0, 4, 104, 'ACTIVO');

INSERT INTO criterio (id_criterio, id_rubrica, crf_descripcion, crf_porcentaje, crf_nota, crf_comentario) VALUES (1, 400, 'Calidad del código', 30, 4.2, 'Mejorable'), (2, 400, 'Documentación técnica', 20, 3.0, 'Regular mijo'), (3, 400, 'Cumplimiento de requisitos', 50, 4.0, 'Buen diseño de topología'), (9, 300, 'Planificación y gestión del proyecto', 30, 4.5, 'Se evidencia planificación en cronograma y fases'), (10, 300, 'Calidad del código y estructura del software', 40, 4.8, 'El código es limpio, bien estructurado y documentado'), (11, 300, 'Trabajo en equipo y comunicación', 30, 4.6, 'Buena colaboración entre los miembros del equipo'), (12, 400, 'Topología completa', 30, 1.2, 'Suerte en la topología');

INSERT INTO nivel (id_nivel, nivel_descripcion, rango_nota, id_criterio) VALUES (1, 'Desempeño básico', '2.5', 1), (2, 'Desempeño intermedio', '4.0', 1), (3, 'Desempeño avanzado', '5.0', 1), (4, 'Desempeño básico2a', '2.5', 2), (5, 'Desempeño intermedio2b', '4.0', 2), (6, 'Desempeño avanzado2c', '5.0', 2), (7, 'Desempeño básico', '2.5', 3), (8, 'Desempeño intermedio', '4.0', 3), (9, 'Desempeño avanzado', '5.0', 3), (19, 'No hay planificación clara ni control del cronograma.', '2.5', 9), (20, 'Planificación parcial con algunos retrasos.', '4.0', 9), (21, 'Planificación detallada y cumplimiento de plazos.', '5.0', 9), (22, 'Código desorganizado con errores frecuentes.', '2.5', 10), (23, 'Código funcional pero con algunas malas prácticas.', '4.0', 10), (24, 'Código limpio, modular y bien documentado.', '5.0', 10), (25, 'Poca comunicación y colaboración entre los miembros.', '2.5', 11), (26, 'Buena comunicación, pero con dificultades ocasionales.', '4.0', 11), (27, 'Trabajo en equipo eficiente con comunicación fluida.', '5.0', 11), (28, 'Mal uso de recursos de la topología', '3.0', 12), (29, 'No cumple todos los criterios topológicos', '4.0', 12), (30, 'Topología implementada con éxito', '5.0', 12);

INSERT INTO course_teacher (course_id, teacher_id) VALUES (10, 1), (20, 2), (30, 3), (40, 1);

INSERT INTO evaluation (evaluation_id, enroll_id, id_rubrica, evaluation_status, description, created_at, updated_at,score) VALUES (500, 1000, 100, 'EVALUADO', 'Evaluación parcial Redes', '2025-03-01', '2025-03-01',NULL), (501, 1001, 200, 'EVALUADO', 'Evaluación final BD2', '2025-03-15', '2025-03-20',NULL), (502, 1003, 400, 'EVALUADO', 'Avance proyecto Calidad', '2025-04-01', '2025-04-01',3.5),  (503, 1006, 400, 'EVALUADO', 'Evaluación parcial Redes', '2025-03-10', '2025-03-10', 4.7), (504, 1007, 400, 'EVALUADO', 'Evaluación parcial Redes', '2025-03-10', '2025-03-10', 1.2), (505, 1008, 400, 'EVALUADO', 'Parcial de proyecto', '2025-03-10', '2025-03-10', 1.2), (506, 1009, 400, 'EVALUADO', 'Parcial Metodologia de la Invezzz', '2025-03-10', '2025-03-10', 1.2), (507, 1010, 400, 'EVALUADO', 'Parcial Calculo I', '2025-03-10', '2025-03-10', 1.1);

INSERT INTO calification_register (calification_id, calification, message, level, evaluation_id, id_criterio) VALUES (10000, 4.2, 'Buen trabajo en la práctica', 'Nivel 2', 502, 1), (10001, 3.8, 'Debe mejorar documentación', 'Nivel 1', 502, 2), (10018, 4.7, 'Buen desarrollo de topologia', 'Nivel 3', 502, 3), (10002, 4.8, 'Excelente implementación', 'Nivel 3', 502, 12), (10003, 4.5, 'Muy buen código', 'Nivel 3', 503, 1), (10004, 4.6, 'Documentación clara', 'Nivel 3', 503, 2), (10005, 5.0, 'Dominio total de la integración', 'Nivel 3', 503, 12), (10006, 1.0, 'Código desordenado', 'Nivel 1', 504, 1), (10007, 1.5, 'Documentación escasa', 'Nivel 1', 504, 2), (10008, 1.2, 'Falla en integración', 'Nivel 1', 504, 12), (10009, 1.2, 'Código sin estructura clara', 'Nivel 1', 505, 1), (10010, 1.2, 'Sin documentación técnica', 'Nivel 1', 505, 2), (10011, 1.2, 'No logró integrar', 'Nivel 1', 505, 12), (10012, 1.3, 'No cumple con lo mínimo', 'Nivel 1', 506, 1), (10013, 1.1, 'Mal estructurada la docu', 'Nivel 1', 506, 2), (10014, 1.2, 'Integración fallida', 'Nivel 1', 506, 12), (10015, 1.0, 'Mal código', 'Nivel 1', 507, 1), (10016, 1.2, 'Docu incompleta', 'Nivel 1', 507, 2), (10017, 1.1, 'No aplicó integración', 'Nivel 1', 507, 12);

INSERT INTO learning_results (ra_id, name) VALUES (105, 'Desarrollar un software funcional'), (106, 'Implementar prácticas de programación avanzadas'), (107, 'Diseñar una arquitectura de software eficiente'),(108, 'Crear documentación técnica de software');

INSERT INTO subject (subject_id, name, credits, objectives, status) VALUES (10, 'Desarrollo de Software', 3, 'Sofrtware', 'ACTIVO'), (11, 'Programación Avanzada', 3, 'Sofrtware', 'INACTIVO'), (12, 'Arquitectura de Software', 3, 'Sofrtware', 'ACTIVO'), (13, 'Ingeniería de Software', 3, 'Sofrtware', 'INACTIVO'), (14, 'Pruebas de Software', 3, 'Sofrtware', 'ACTIVO');